lag,p_value
1,0.15182281125477948
2,0.1638919531755929
3,0.3039772711252914
4,0.3693711144453304
5,0.4713567527894461
