lag,p_value
1,0.5109131660216379
2,0.7990216781729407
3,0.8513440092027434
4,0.880460664276816
5,0.9214667385372037
