lag,p_value
1,0.010224236132358178
2,0.0345788876556608
3,0.057384790772583266
4,0.11893533839203929
5,0.17869571645555743
